{
    "rmse": 0.6991189041505046,
    "mae": 0.5466878782511548,
    "r2": 0.26345412062635853
}